id_edan,ObjectID,GlobalID,fecha_inspeccion,hora,nombre_evaluador,id_grupo,entidad,tipo_evento,nombre_edificacion,municipio,barrio_vereda,direccion,direccion_norm,coords,tipo_propiedad,relacion_edificacion,otro,epoca_construccion,n_pisos,n_sotanos,n_ocupantes,frente,fondo,n_residenciales,n_comerciales,n_no_habitadas,n_muertos,n_heridos,acceso_edificacion,uso_edificacion,uso_cual,sistema_estructural,sistema_estructural_cual,material_estructura,material_entrepiso,sistema_entrepiso,sistema_entrepiso_cual,existen_sistemas_combinados,observaciones,sistema_cubierta,sistema_cubierta_cual,revestimiento_cubierta,revestimiento_cubierta_cual,sistema_muros_divisorios,sistema_muros_divisorios_cual,fachadas,fachadas_cual,escaleras,escaleras_cual,calidad_construccion,estado_edificacion,41_a,41_b,41_c,42_a,42_b,42_c,43_a,43_b,43_c,44_a,44_b,44_c,45_a,45_b,45_c,46_a,46_b,46_c,46_especifique_cual,colapso_total,colapso_parcial,asentamiento_severo,inclinacion_importante,suelo_inestable,riesgo_caida,danos_estructura,danos_contrapiso_entrepiso_muroscont,danos_muro_div,danos_cubierta,cielos_instalaciones,alc_exterior,alc_interior,matriz_ref,afectacion_planta,afectacion_planta_calc,severidad_danos,severidad_danos_calc,nivel_dano,riesgo_ab,riesgo_ac,habitabilidad_calc,criterio_habitabilidad,justificacion_criterio,requiere_evaluacion_adicional,eval_estructural,eval_geotecnica,eval_otra,recomendaciones,aislamiento,intervencion_entades,observaciones_generales,evento_id,gps_precision_m,CreationDate,Creator,EditDate,Editor,x,y,fecha_hora,comuna,barrio_geo,x_form,y_form,n_fotos_gps,gps_error_m,desplazamiento_m,coords_fuente,coords_validacion,geocode_lat,geocode_lon,dist_geocode_m,suspension_servicios,criterio_color,fuente
,,,2026-08-16,21:35,גבי בן דוד,,Inspectores de Israel,sismo,,Cali,,,,,,,,,3.0,,,,,,,,,,,salud,,porticos,,concreto_mc,,,,,,,,,,,,,,,,,,,,,,,,,,,,,,,,,,,,,no,no,no,no,no,si,moderado,,moderado,,,parcial,completa,,,,medio,,medio,,,,i2,,estructural,,,,יש לבנות מחדש את חדרי המדרגות ,,,חדרי המדרגות בבנין אזורים אדומים,,,,Agamimisr,,,-76.54443623723986,3.4185365599640063,2026-08-16 21:35,COMUNA 19,Urbanización Tequendama,-76.54443623723986,3.4185365599640063,,,,,,,,,no,rojo,survey_israel
,,,2026-08-16,22:51,גבי בן דוד,,Inspectores de Israel,sismo,,Cali,,,,,,,,,2.0,,,,,,,,,,,salud,,porticos,,concreto_mc,,,,,Centro Medico Colmedica,,,,,,,,,,,,,,,,,,,,,,,,,,,,,,,,no,no,no,no,no,no,sin_dano,,sin_dano,,,parcial,no_ingreso,,,,sin_dano,,sin_dano,,,,h,,,,,,,,,,,,,Agamimisr,,,-76.54305672179662,3.42156452514052,2026-08-16 22:51,COMUNA 19,Urbanización Tequendama,-76.54305672179662,3.42156452514052,,,,,,,,,no,verde,survey_israel
,,,2026-08-20,15:54,גבי בן דוד,,Inspectores de Israel,sismo,,Cali,,,,,,,,,5.0,,,,,,,,,,,salud,,porticos,,concreto_mc,,,,,Clinica Naturista San Rafael,,,,,,,,,,,,,,,,,,,,,,,,,,,,,,,,no,no,no,si,no,si,severo,,moderado,,,parcial,completa,,,,alto,,alto,,,,r2,,estructural,,,,"חיזוק מדרגות במסגרות פלדה, חיזוק הזיז בקורות פלדה ",,,,,,,Agamimisr,,,-76.54421896648402,3.4183143741864463,2026-08-20 15:54,COMUNA 19,Urbanización Tequendama,-76.54421896648402,3.4183143741864463,,,,,,,,,no,amarillo,survey_israel
,,,2026-08-16,23:05,,,Inspectores de Israel,sismo,,Cali,,,,,,,,,2.0,,,,,,,,,,,salud,,porticos,,concreto_mc,,,,,Cosmitet Ltda,,,,,,,,,,,,,,,,,,,,,,,,,,,,,,,,no,no,no,no,no,no,sin_dano,,sin_dano,,,parcial,completa,,,,sin_dano,,sin_dano,,,,r2,,,,,,,,,יש לבצע סקר בפנים המבנה,,,,Agamimisr,,,-76.54371821890632,3.421549182248629,2026-08-16 23:05,COMUNA 19,Urbanización Tequendama,-76.54371821890632,3.421549182248629,,,,,,,,,no,amarillo,survey_israel
,,,2026-08-19,20:59,גבי בן דוד,,Inspectores de Israel,sismo,,Cali,,,,,,,,,2.0,,,,,,,,,,,salud,,porticos,,concreto_mc,,,,,Clinica Interplasticaק,,,,,,,,,,,,,,,,,,,,,,,,,,,,,,,,no,no,no,no,no,no,leve,,moderado,,,completa,completa,,,,bajo,,bajo,,,,h,,,,,,,,,"המבנה בשלב שיפוץ מתקדם מאוד.
מתמונות שהוצגו נראה שהנזקים בבלוקים בלבד",,,,Agamimisr,,,-76.54535475660212,3.4196865292713268,2026-08-19 20:59,COMUNA 19,Urbanización Tequendama,-76.54535475660212,3.4196865292713268,,,,,,,,,no,verde,survey_israel
,,,2026-08-16,21:39,איתי יאמין,,Inspectores de Israel,sismo,,Cali,,,,,,,,,4.0,,,,,,,,,,,salud,,porticos,,concreto_mc,,,,,סקר ראשוני,,,,,,,,,,,,,,,,,,,,,,,,,,,,,,,,no,no,no,no,no,si,sin_dano,,severo,,,completa,no_ingreso,,,,sin_dano,,sin_dano,,,,i2,,"estructural,otra",,,"המבנה לא נבדק מבפנים, אך מבחוץ נראה נזק משמעותי אשר לא מאפשר שימוש במבנה, כולל סכנת נפילה  עקב נפילת קירות בני חיצוניים.",,,,שלד תקין. כל מה שאינו שלד דורש פינוי ובנייה מחדש. לא ראוי לשימוש במצבו.,,,,Agamimisr,,,-76.54418377243478,3.4189863729666983,2026-08-16 21:39,COMUNA 19,Urbanización Tequendama,-76.54418377243478,3.4189863729666983,,,,,,,,,no,rojo,survey_israel
,,,2026-08-16,23:06,איתמר נצר,,Inspectores de Israel,sismo,,Cali,,,,,,,,,2.0,,,,,,,,,,,salud,,porticos,,concreto_mc,,,,,סקר ראשוני,,,,,,,,,,,,,,,,,,,,,,,,,,,,,,,,no,no,no,no,no,no,sin_dano,,sin_dano,,,parcial,no_ingreso,,,,sin_dano,,sin_dano,,,,h,,,,,,,,,,,,,Agamimisr,,,-76.54391699489057,3.42114932741153,2026-08-16 23:06,COMUNA 19,Urbanización Tequendama,-76.54391699489057,3.42114932741153,,,,,,,,,no,verde,survey_israel
,,,2026-08-16,23:13,איתמר נצר,,Inspectores de Israel,sismo,,Cali,,,,,,,,,2.0,,,,,,,,,,,salud,,porticos,,concreto_mc,,,,,סקר ראשוני,,,,,,,,,,,,,,,,,,,,,,,,,,,,,,,,no,no,no,no,no,no,sin_dano,,sin_dano,,,parcial,no_ingreso,,,,sin_dano,,sin_dano,,,,h,,,,,,,,,,,,,Agamimisr,,,-76.54414356987175,3.421337014408357,2026-08-16 23:13,COMUNA 19,Urbanización Tequendama,-76.54414356987175,3.421337014408357,,,,,,,,,no,verde,survey_israel
,,,2026-08-16,22:30,איתמר נצר,,Inspectores de Israel,sismo,,Cali,,,,,,,,,3.0,,,,,,,,,,,salud,,porticos,,concreto_mc,,,,,סקר ראשוני,,,,,,,,,,,,,,,,,,,,,,,,,,,,,,,,no,no,no,no,no,si,severo,,severo,,,parcial,no_ingreso,,,,alto,,alto,,,,r2,,estructural,,,,,,,מבנה מוגבל בשימוש בעל אזורים מסוכנים,,,,Agamimisr,,,-76.54343921717518,3.420031752512574,2026-08-16 22:30,COMUNA 19,Urbanización Tequendama,-76.54343921717518,3.420031752512574,,,,,,,,,no,amarillo,survey_israel
,,,2026-08-16,22:00,גבי בן דוד,,Inspectores de Israel,sismo,,Cali,,,,,,,,,2.0,,,,,,,,,,,salud,,porticos,,concreto_mc,,,,,"Hospital Ortopédico Sucursal Cali
סקר ראשוני מחוץ למבנה",,,,,,,,,,,,,,,,,,,,,,,,,,,,,,,,no,no,no,no,no,no,sin_dano,,sin_dano,,,parcial,no_ingreso,,,,sin_dano,,sin_dano,,,,h,,,,,,,,,"חיצונית נראה תקין, יש לבצע סקר מקיף בפנים המבנה",,,,Agamimisr,,,-76.54354813168413,3.4195618691816394,2026-08-16 22:00,COMUNA 19,Urbanización Tequendama,-76.54354813168413,3.4195618691816394,,,,,,,,,no,verde,survey_israel
,,,2026-08-16,22:38,גבי בן דוד,,Inspectores de Israel,sismo,,Cali,,,,,,,,,2.0,,,,,,,,,,,salud,,porticos,,concreto_mc,,,,,סקר ראשוני ,,,,,,,,,,,,,,,,,,,,,,,,,,,,,,,,no,no,no,no,no,no,sin_dano,,sin_dano,,,parcial,no_ingreso,,,,sin_dano,,sin_dano,,,,h,,,,,,,,,,,,,Agamimisr,,,-76.54326291396123,3.4204388673907804,2026-08-16 22:38,COMUNA 19,Urbanización Tequendama,-76.54326291396123,3.4204388673907804,,,,,,,,,no,verde,survey_israel
,,,2026-08-16,22:42,גבי בן דוד,,Inspectores de Israel,sismo,,Cali,,,,,,,,,1.0,,,,,,,,,,,salud,,porticos,,concreto_mc,,,,,,,,,,,,,,,,,,,,,,,,,,,,,,,,,,,,,no,no,no,no,no,no,sin_dano,,sin_dano,,,parcial,no_ingreso,,,,sin_dano,,sin_dano,,,,h,,,,,,,,,,,,,Agamimisr,,,-76.54296544657932,3.4209794938711724,2026-08-16 22:42,COMUNA 19,Urbanización Tequendama,-76.54296544657932,3.4209794938711724,,,,,,,,,no,verde,survey_israel
,,,2026-08-16,22:58,איתמר נצר,,Inspectores de Israel,sismo,,Cali,,,,,,,,,2.0,,,,,,,,,,,salud,,porticos,,concreto_mc,,,,,סקר ראשוני,,,,,,,,,,,,,,,,,,,,,,,,,,,,,,,,no,no,no,no,no,no,sin_dano,,sin_dano,,,parcial,no_ingreso,,,,sin_dano,,sin_dano,,,,h,,,,,,,,,,,,,Agamimisr,,,-76.54358719672615,3.4209913004329686,2026-08-16 22:58,COMUNA 19,Urbanización Tequendama,-76.54358719672615,3.4209913004329686,,,,,,,,,no,verde,survey_israel
,,,2026-08-16,22:55,גבי בן דוד,,Inspectores de Israel,sismo,,Cali,,,,,,,,,2.0,,,,,,,,,,,salud,,porticos,,concreto_mc,,,,,"Asifarma
סקר ראשוני ",,,,,,,,,,,,,,,,,,,,,,,,,,,,,,,,no,no,no,no,no,no,leve,,moderado,,,parcial,no_ingreso,,,,bajo,,bajo,,,,r2,,,,,,,,,נדרש סקר בפנים המבנה,,,,Agamimisr,,,-76.54358435527939,3.421482259773993,2026-08-16 22:55,COMUNA 19,Urbanización Tequendama,-76.54358435527939,3.421482259773993,,,,,,,,,no,amarillo,survey_israel
,,,2026-08-16,22:53,איתמר נצר,,Inspectores de Israel,sismo,,Cali,,,,,,,,,3.0,,,,,,,,,,,salud,,porticos,,concreto_mc,,,,,סקר ראשוני,,,,,,,,,,,,,,,,,,,,,,,,,,,,,,,,no,no,no,no,no,no,sin_dano,,sin_dano,,,parcial,no_ingreso,,,,sin_dano,,sin_dano,,,,h,,,,,,,,,,,,,Agamimisr,,,-76.54372181332387,3.4210554660012513,2026-08-16 22:53,COMUNA 19,Urbanización Tequendama,-76.54372181332387,3.4210554660012513,,,,,,,,,no,verde,survey_israel
,,,2026-08-16,23:03,איתמר נצר,,Inspectores de Israel,sismo,,Cali,,,,,,,,,3.0,,,,,,,,,,,salud,,porticos,,concreto_mc,,,,,,,,,,,,,,,,,,,,,,,,,,,,,,,,,,,,,no,no,no,no,no,no,sin_dano,,sin_dano,,,parcial,no_ingreso,,,,sin_dano,,sin_dano,,,,h,,,,,,,,,,,,,Agamimisr,,,-76.54382761908651,3.4211069319474214,2026-08-16 23:03,COMUNA 19,Urbanización Tequendama,-76.54382761908651,3.4211069319474214,,,,,,,,,no,verde,survey_israel
,,,2026-08-16,23:09,גבי בן דוד,,Inspectores de Israel,sismo,,Cali,,,,,,,,,1.0,,,,,,,,,,,salud,,porticos,,concreto_mc,,,,,Airec Grupo Medico Especializado,,,,,,,,,,,,,,,,,,,,,,,,,,,,,,,,no,no,no,no,no,no,sin_dano,,sin_dano,,,parcial,no_ingreso,,,,sin_dano,,sin_dano,,,,h,,,,,,,,,,,,,Agamimisr,,,-76.54383087477369,3.421605592160318,2026-08-16 23:09,COMUNA 19,Urbanización Tequendama,-76.54383087477369,3.421605592160318,,,,,,,,,no,verde,survey_israel
,,,2026-08-19,16:39,גבי בן דוד,,Inspectores de Israel,sismo,,Cali,,,,,,,,,2.0,,,,,,,,,,,salud,,otro,בטון עם רצפות פלדה ,mat_no_claro,,,,,Centro Medico Tequendama IPS,,,,,,,,,,,,,,,,,,,,,,,,,,,,,,,,no,no,no,no,no,no,leve,,leve,,,parcial,completa,,,,bajo,,bajo,,,,r2,,,,,,,,,"לא נמצאו ממצאים חריגים, לשם הזהירות הציבו חיזוקים בכל התקרה, בשל כך שלא ניתן לסקור את הקומה השניה נקבע כמוגבל הם בשימוש עד שיתאפשר לבדוק הקומה השניה. נראה שניתן לפרק התמיכות לאחר סיור בקומה השניה",,,,Agamimisr,,,-76.54770618002688,3.420501387018435,2026-08-19 16:39,COMUNA 19,Urbanización Tequendama,-76.54770618002688,3.420501387018435,,,,,,,,,no,amarillo,survey_israel
,,,2026-08-17,14:27,חנן אלכסנדר,,Inspectores de Israel,sismo,,Cali,,,,,,,,,2.0,,,,,,,,,,,salud,,porticos,,concreto_mc,,,,,"Laboratorios Angel
סקר ראשוני",,,,,,,,,,,,,,,,,,,,,,,,,,,,,,,,no,no,no,no,no,si,leve,,severo,,,parcial,no_ingreso,,,,bajo,,bajo,,,,r2,,,,,,,,,"סקר ראשוני, יש להיכנס למבנה ל ורך המשך אבחון",,,,Agamimisr,,,-76.54755967767598,3.4202246146905932,2026-08-17 14:27,COMUNA 19,Urbanización Tequendama,-76.54755967767598,3.4202246146905932,,,,,,,,,no,amarillo,survey_israel
,,,2026-08-17,14:34,חנן אלכסנדר,,Inspectores de Israel,sismo,,Cali,,,,,,,,,2.0,,,,,,,,,,,salud,,porticos,,concreto_mc,,,,,"Cardio Prevent Sas
סקר ראשוני",,,,,,,,,,,,,,,,,,,,,,,,,,,,,,,,no,no,no,no,no,si,leve,,moderado,,,parcial,no_ingreso,,,,bajo,,bajo,,,,r2,,,,,,,,,"סקר ראשוני, נדרש להיכנס פנימה להמשך סקירה",,,,Agamimisr,,,-76.54749531594362,3.4203986404129307,2026-08-17 14:34,COMUNA 19,Urbanización Tequendama,-76.54749531594362,3.4203986404129307,,,,,,,,,no,amarillo,survey_israel
,,,2026-08-20,13:46,גבי בן דוד,,Inspectores de Israel,sismo,,Cali,,,,,,,,,2.0,,,,,,,,,,,salud,,porticos,,concreto_mc,,,,,,,,,,,,,,,,,,,,,,,,,,,,,,,,,,,,,no,no,no,no,no,no,sin_dano,,sin_dano,,,completa,completa,,,,sin_dano,,sin_dano,,,,h,,,,,,,,,"הגענו למבנה לאחר שיפוץ, מהתמונות נראה שנזק לתקרה קלה ",,,,Agamimisr,,,-76.54417099512088,3.419438213506246,2026-08-20 13:46,COMUNA 19,Urbanización Tequendama,-76.54417099512088,3.419438213506246,,,,,,,,,no,verde,survey_israel
,,,2026-08-17,14:40,חנן אלכסנדר,,Inspectores de Israel,sismo,,Cali,,,,,,,,,2.0,,,,,,,,,,,salud,,porticos,,concreto_mc,,,,,"Centro Medico Camino Real
סקר ראשוני",,,,,,,,,,,,,,,,,,,,,,,,,,,,,,,,no,si,no,no,no,si,sin_dano,,,,,parcial,no_ingreso,,,,sin_dano,,sin_dano,,,,r2,,,,,,,,,"סקר ראשוני, נדרש סקר מעמיק",,,,Agamimisr,,,-76.5473997489483,3.420654255152822,2026-08-17 14:40,COMUNA 19,Urbanización Tequendama,-76.5473997489483,3.420654255152822,,,,,,,,,no,amarillo,survey_israel
,,,2026-08-17,14:27,גבי בן דוד,,Inspectores de Israel,sismo,,Cali,,,,,,,,,5.0,,,,,,,,,,,salud,,porticos,,concreto_mc,,,,,Unidad Quirurgica Calida Sas,,,,,,,,,,,,,,,,,,,,,,,,,,,,,,,,no,no,no,no,no,si,leve,,severo,,,parcial,no_ingreso,,,,bajo,,bajo,,,,r2,,estructural,,,,,,,יש לסקור את פנים המבנה,,,,Agamimisr,,,-76.54730273335883,3.4199386036892303,2026-08-17 14:27,COMUNA 19,Urbanización Tequendama,-76.54730273335883,3.4199386036892303,,,,,,,,,no,amarillo,survey_israel
,,,2026-08-17,14:38,גבי בן דוד,,Inspectores de Israel,sismo,,Cali,,,,,,,,,2.0,,,,,,,,,,,salud,,porticos,,concreto_mc,,,,,Oral Solutions,,,,,,,,,,,,,,,,,,,,,,,,,,,,,,,,no,no,no,no,no,no,sin_dano,,sin_dano,,,parcial,no_ingreso,,,,sin_dano,,sin_dano,,,,h,,,,,,,,,,,,,Agamimisr,,,-76.54716860621083,3.4203661610268252,2026-08-17 14:38,COMUNA 19,Urbanización Tequendama,-76.54716860621083,3.4203661610268252,,,,,,,,,no,verde,survey_israel
,,,2026-08-17,14:42,גבי בן דוד,,Inspectores de Israel,sismo,,Cali,,,,,,,,,3.0,,,,,,,,,,,salud,,porticos,,concreto_mc,,,,,Todomed Ltda Domiciliaria 2,,,,,,,,,,,,,,,,,,,,,,,,,,,,,,,,no,no,no,no,no,no,sin_dano,,sin_dano,,,parcial,no_ingreso,,,,sin_dano,,sin_dano,,,,h,,,,,,,,,,,,,Agamimisr,,,-76.54709544289409,3.4205406652872465,2026-08-17 14:42,COMUNA 19,Urbanización Tequendama,-76.54709544289409,3.4205406652872465,,,,,,,,,no,verde,survey_israel
,,,2026-08-18,17:04,גבי בן דוד,,Inspectores de Israel,sismo,,Cali,,,,,,,,,5.0,,,,,,,,,,,salud,,porticos,,concreto_mc,,,,,Clinica Fiore,,,,,,,,,,,,,,,,,,,,,,,,,,,,,,,,no,no,no,no,no,si,moderado,,severo,,,completa,completa,,,,medio,,medio,,,,r2,,"estructural,otra",,,נדרש קונסטרוקטור לבצע בדיקה מקיפה של המבנה,פינוי קירות בלוקים ,,,נדרשת בדיקה חוזרת של כלל המבנה. יש לפתוח תקרות אקוסטיות ולבדוק חיבורים קורה עמוד. בנקודה אחת נצפה סדק כפיפה.,,,,Agamimisr,,,-76.5462970868127,3.4195848266804636,2026-08-18 17:04,COMUNA 19,Urbanización Tequendama,-76.5462970868127,3.4195848266804636,,,,,,,,,no,amarillo,survey_israel
,,,2026-08-19,20:43,רענן בן סיני,,Inspectores de Israel,sismo,,Cali,,,,,,,,,2.0,,,,,,,,,,,salud,,porticos,,concreto_mc,,,,,"Endocirujanos
סקר ראשוני",,,,,,,,,,,,,,,,,,,,,,,,,,,,,,,,no,no,no,no,no,no,sin_dano,,sin_dano,,,completa,completa,,,,sin_dano,,sin_dano,,,,h,,,,,,,,,מבנה תקין לחלוטין,,,,Agamimisr,,,-76.54508434711414,3.4213805284284673,2026-08-19 20:43,COMUNA 19,Urbanización Tequendama,-76.54508434711414,3.4213805284284673,,,,,,,,,no,verde,survey_israel
,,,2026-08-16,22:06,גבי בן דוד,,Inspectores de Israel,sismo,,Cali,,,,,,,,,2.0,,,,,,,,,,,salud,,porticos,,concreto_mc,,,,,Nefroproteccion סקר ראשוני חיצוני בלבד,,,,,,,,,,,,,,,,,,,,,,,,,,,,,,,,no,no,no,no,no,no,sin_dano,,sin_dano,,,parcial,no_ingreso,,,,sin_dano,,sin_dano,,,,h,,otra,,,,,,,"בוצע סקר ראשוני חיצוני בלבד, נראה תקין, יש חצי סקר בפנים המבנה",,,,Agamimisr,,,-76.54350742575927,3.419653512943115,2026-08-16 22:06,COMUNA 19,Urbanización Tequendama,-76.54350742575927,3.419653512943115,,,,,,,,,no,verde,survey_israel
,,,2026-08-16,21:53,חנן אלכסנדר,,Inspectores de Israel,sismo,,Cali,,,,,,,,,2.0,,,,,,,,,,,salud,,porticos,,concreto_mc,,,,,"Clinica Los Robles Ips
סקר ראשוני",,,,,,,,,,,,,,,,,,,,,,,,,,,,,,,,no,no,no,no,no,no,sin_dano,,sin_dano,,,parcial,no_ingreso,,,,sin_dano,,sin_dano,,,,h,,,,,,,,,בוצע סקר ראשוני מחוץ למבנה,,,,Agamimisr,,,-76.5435916491656,3.4194616942796094,2026-08-16 21:53,COMUNA 19,Urbanización Tequendama,-76.5435916491656,3.4194616942796094,,,,,,,,,no,verde,survey_israel
,,,2026-08-16,15:40,רענן בן סיני,,Inspectores de Israel,sismo,,Cali,,,,,,,,,2.0,,,,,,,,,,,,5,porticos,,concreto_mc,,,,,,,,,,,,,,,,,,,,,,,,,,,,,,,,,,,,,no,no,no,no,no,si,leve,,severo,,,completa,completa,,,,bajo,,bajo,,,,r2,,"estructural,otra",,,לא,"חיזוק או החלפה של קירות בני.
הסרת קורה שנפלה על הרמפה ובניה של קורה חדשה.
החלפת מעקות.
החלפת גג אסבסט באודיטוריום
",,,,,,,Agamimisr,,,-76.55163902631612,3.415559444613874,2026-08-16 15:40,COMUNA 19,El Lido,-76.55163902631612,3.415559444613874,,,,,,,,,no,amarillo,survey_israel
,,,2026-08-16,17:21,איתמר נצר,,Inspectores de Israel,sismo,,Cali,,,,,,,,,2.0,,,,,,,,,,,,5,otro,מסגרות בטון מזוין + תקרות בניה קלה,mat_no_claro,,,,,,,,,,,,,,,,,,,,,,,,,,,,,,,,,,,,,no,no,no,no,no,si,leve,,moderado,,,completa,completa,,,,bajo,,bajo,,,,h,,otra,,,לא,,,,,,,,Engineer_ISR_1,,,-76.50860768323447,3.463357683481703,2026-08-16 17:21,COMUNA 04,Las Delicias,-76.50860768323447,3.463357683481703,,,,,,,,,no,verde,survey_israel
,,,2026-08-16,17:02,חנן אלכסנדר,,Inspectores de Israel,sismo,,Cali,,,,,,,,,1.0,,,,,,,,,,,,5,porticos,,concreto_mc,,,,,,,,,,,,,,,,,,,,,,,,,,,,,,,,,,,,,no,no,no,no,no,no,leve,,moderado,,,completa,completa,,,,bajo,,bajo,,,,h,,,,,,,,,"מבנה תקין
יש נזקים לרצפה בקרקע שנדרשים טיפול מקומי ראה תמונה לעיל בו המרצפות התרוממו",,,,Engineer_ISR_1,,,-76.5538884562966,3.4037841152738917,2026-08-16 17:02,COMUNA 19,Pampa Linda,-76.5538884562966,3.4037841152738917,,,,,,,,,no,verde,survey_israel
,,,2026-08-16,17:11,גבי בן דוד,,Inspectores de Israel,sismo,,Cali,,,,,,,,,2.0,,,,,,,,,,,,5,porticos,,concreto_mc,,,,,,,,,,,,,,,,,,,,,,,,,,,,,,,,,,,,,no,no,no,no,no,no,moderado,,moderado,,,completa,completa,,,,medio,,medio,,,,h,,estructural,,,,,,,"‏ראינו שני עמודים שנפגעו בקומה השנייה בסדקי גזירה. אבל איננו חוששים מהם כי הם אף פעם לא תפקדו כעמודים, גם לא ברעידת האדמה האחרונה, בגלל שאין להם המשכיות בפלדה. ",,,,Engineer_ISR_1,,,-76.55353030517934,3.403545871865508,2026-08-16 17:11,COMUNA 19,Pampa Linda,-76.55353030517934,3.403545871865508,,,,,,,,,no,verde,survey_israel
,,,2026-08-16,18:08,גבי בן דוד,,Inspectores de Israel,sismo,,Cali,,,,,,,,,2.0,,,,,,,,,,,,5,porticos,,concreto_mc,,,,,,,,,,,,,,,,,,,,,,,,,,,,,,,,,,,,,no,no,no,no,no,si,leve,,moderado,,,completa,completa,,,,bajo,,bajo,,,,r1,,estructural,,,,בניית בלוקים אלמנטים אדריכליים באגף דרומי קומה שניה,מסדרון אגף דרומי קומה שניה,,,,,,Engineer_ISR_1,,,-76.53040495146405,3.4322753330506166,2026-08-16 18:08,COMUNA 19,Urbanización Colseguros,-76.53040495146405,3.4322753330506166,,,,,,,,,no,amarillo,survey_israel
,,,2026-08-16,18:39,גבי בן דוד,,Inspectores de Israel,sismo,,Cali,,,,,,,,,2.0,,,,,,,,,,,,5,porticos,,concreto_mc,,,,,,,,,,,,,,,,,,,,,,,,,,,,,,,,,,,,,no,no,no,no,no,si,sin_dano,,sin_dano,,,completa,completa,,,,sin_dano,,sin_dano,,,,r1,,,,,,,בסמוך למדרגות קומה שניה וכיתה בקומה שניה,,,,,,Engineer_ISR_1,,,-76.52538817141934,3.421607045969482,2026-08-16 18:39,COMUNA 10,Cristóbal Colón,-76.52538817141934,3.421607045969482,,,,,,,,,no,amarillo,survey_israel
,,,2026-08-16,16:46,אורי גיא,,Inspectores de Israel,sismo,,Cali,,,,,,,,,3.0,,,,,,,,,,,,5,porticos,,concreto_mc,,,,,בית ספר שנפתח לפני  חודשים,,,,,,,,,,,,,,,,,,,,,,,,,,,,,,,,no,no,no,no,no,si,leve,,leve,,,completa,completa,,,,bajo,,bajo,,,,i2,,"estructural,otra",,,"לא.
",שבירת קירות בלוקים מנותקים ובנייתם מחדש,,,"בית הספר אינו מאושר לשימוש.
יש המון קירות בלוקים מנותקים ומתנדנדים",,,,Engineer_ISR_1,,,-76.50195465,3.42018551,2026-08-16 16:46,COMUNA 13,El Diamante,-76.50195465,3.42018551,,,,,,,,,no,rojo,survey_israel
,,,2026-08-17,22:07,גבי בן דוד,,Inspectores de Israel,sismo,,Cali,,,,,,,,,4.0,1.0,,,,,,,,,,,2,porticos,,concreto_mc,,,,,,,,,,,,,,,,,,,,,,,,,,,,,,,,,,,,,no,no,no,no,no,si,severo,,severo,,,completa,completa,,,,alto,,alto,,,,i2,,"estructural,otra",,,לא,,,,"יש לבצע חיזוקים בנקודות שונות, עד לביצוע החיזוקים לשלד המבנה יש לבצע תמיכות מקומיות",,,,Engineer_ISR_1,,,-76.54386754,3.41928394,2026-08-17 22:07,COMUNA 19,Urbanización Tequendama,-76.54386754,3.41928394,,,,,,,,,no,rojo,survey_israel
,,,2026-08-16,21:59,איתמר נצר,,Inspectores de Israel,sismo,,Cali,,,,,,,,,2.0,,,,,,,,,,,,2,porticos,,concreto_mc,,,,,סקר ראשוני,,,,,,,,,,,,,,,,,,,,,,,,,,,,,,,,no,no,no,no,no,no,sin_dano,,sin_dano,,,parcial,no_ingreso,,,,sin_dano,,sin_dano,,,,h,,otra,,,לא,,,,,,,,Engineer_ISR_1,,,-76.54381735,3.41938624,2026-08-16 21:59,COMUNA 19,Urbanización Tequendama,-76.54381735,3.41938624,,,,,,,,,no,verde,survey_israel
,,,2026-08-16,22:10,איתמר נצר,,Inspectores de Israel,sismo,,Cali,,,,,,,,,6.0,,,,,,,,,,,,2,porticos,,concreto_mc,,,,,סקר ראשוני,,,,,,,,,,,,,,,,,,,,,,,,,,,,,,,,no,no,no,no,no,si,leve,,moderado,,,parcial,no_ingreso,,,,bajo,,bajo,,,,r2,,"estructural,otra",,,"מכיוון שזה בית חולים ייתכן וישנם חומ""ס בפנים ",אלמנטי חיפוי דקורטיביים מהווים סכנה,,,נדרשת בחינה מלאה פנימית,,,,Engineer_ISR_1,,,-76.54375553355358,3.4197480835356777,2026-08-16 22:10,COMUNA 19,Urbanización Tequendama,-76.54375553355358,3.4197480835356777,,,,,,,,,no,amarillo,survey_israel
,,,2026-08-17,16:20,חנן אלכסנדר,,Inspectores de Israel,sismo,,Cali,,,,,,,,,5.0,,,,,,,,,,,,9,porticos,,concreto_mc,,,,,סקר ראשוני,,,,,,,,,,,,,,,,,,,,,,,,,,,,,,,,no,no,no,no,no,si,sin_dano,,severo,,,completa,completa,,,,sin_dano,,sin_dano,,,,r1,,estructural,,,,תיקון קירות הבלוקים והתפרים בין המבנים.,"התפרים בין הביניינים, קומות הגג ברוב המבנים ניזוקו הרעפים. קירות בלוקים שהתמוטטו באופן מקומי",,"המבנה נדרש לתיקון של נזקי קירות הבלוקים, תיקון הגג כולל הרעפים, והתפרים בין המבנים.",,,,Engineer_ISR_2,,,-76.5334832937881,3.425165750854949,2026-08-17 16:20,COMUNA 19,Urbanización Colseguros,-76.5334832937881,3.425165750854949,,,,,,,,,no,amarillo,survey_israel
,,,2026-08-17,17:49,חנן אלכסנדר,,Inspectores de Israel,sismo,,Cali,,,,,,,,,4.0,,,,,,,,,,,,9,porticos,,concreto_mc,,,,,סקר ראשוני,,,,,,,,,,,,,,,,,,,,,,,,,,,,,,,,no,no,no,no,no,si,leve,,moderado,,,completa,completa,,,,bajo,,bajo,,,,h,,,,,,,,,שלד המבנה תקין. יש סדיקה בבלוקים שדורשת תיקון.  פודסט ששקע נתמך עם מסקו ואין סכנה נוספת,,,,Engineer_ISR_2,,,-76.49415619959458,3.4186159999473444,2026-08-17 17:49,COMUNA 13,El Poblado II,-76.49415619959458,3.4186159999473444,,,,,,,,,no,verde,survey_israel
,,,2026-08-17,18:09,גבי בן דוד,,Inspectores de Israel,sismo,,Cali,,,,,,,,,12.0,,,,,,,,,,,,2,porticos,,concreto_mc,,,,,"בית חולים, נתבקשנו לבדוק את חדר המדרגות המרכזי בלבד ",,,,,,,,,,,,,,,,,,,,,,,,,,,,,,,,no,no,no,no,no,si,severo,,moderado,,,parcial,completa,,,,alto,,alto,,,,r2,,estructural,,,,"יש לתקן את חדר המדרגות, אסור לשימוש",,,"יש לתקן את חדר המדרגות, אסור לשימוש",,,,Engineer_ISR_1,,,-76.53938044257418,3.4101174666461698,2026-08-17 18:09,COMUNA 19,Camino Real - Los Fundadores,-76.53938044257418,3.4101174666461698,,,,,,,,,no,amarillo,survey_israel
,,,2026-08-17,18:54,חנן אלכסנדר,,Inspectores de Israel,sismo,,Cali,,,,,,,,,1.0,,,,,,,,,,,,10,porticos,,concreto_mc,,,,,סקר ראשוני,,,,,,,,,,,,,,,,,,,,,,,,,,,,,,,,no,no,no,no,si,si,leve,,moderado,,,completa,completa,,,,bajo,,bajo,,,,h,,,,,,,,,מבנה חד קומתי עם גג אסבסט קל. עמוד שקע כתוצאה משקיעת קרקע. אין חשש ליציבות- שיפוע קל. הגג יושב על הבלוקים,,,,Engineer_ISR_2,,,-76.46407144376131,3.4226228546393447,2026-08-17 18:54,COMUNA 21,Desepaz Invicali,-76.46407144376131,3.4226228546393447,,,,,,,,,no,verde,survey_israel
,,,2026-08-17,19:59,גבי בן דוד,,Inspectores de Israel,sismo,,Cali,,,,,,,,,3.0,,,,,,,,,,,,2,porticos,,concreto_mc,,,,,,,,,,,,,,,,,,,,,,,,,,,,,,,,,,,,,no,no,no,no,no,no,leve,,leve,,,completa,completa,,,,bajo,,bajo,,,,h,,,,,,,,,,,,,Engineer_ISR_1,,,-76.53503102993719,3.4086721848126382,2026-08-17 19:59,COMUNA 17,Santa Anita - La Selva,-76.53503102993719,3.4086721848126382,,,,,,,,,no,verde,survey_israel
,,,2026-08-17,20:25,גבי בן דוד,,Inspectores de Israel,sismo,,Cali,,,,,,,,,2.0,,,,,,,,,,,,2,porticos,,concreto_mc,,,,,,,,,,,,,,,,,,,,,,,,,,,,,,,,,,,,,no,no,no,no,no,no,leve,,leve,,,parcial,completa,,,,bajo,,bajo,,,,h,,,,,,,,,,,,,Engineer_ISR_1,,,-76.54524568050644,3.3874408756292578,2026-08-17 20:25,COMUNA 18,Alférez Real,-76.54524568050644,3.3874408756292578,,,,,,,,,no,verde,survey_israel
,,,2026-08-17,21:04,גבי בן דוד,,Inspectores de Israel,sismo,,Cali,,,,,,,,,2.0,,,,,,,,,,,,2,porticos,,concreto_mc,,,,,,,,,,,,,,,,,,,,,,,,,,,,,,,,,,,,,no,no,no,no,no,no,leve,,moderado,,,parcial,completa,,,,bajo,,bajo,,,,h,,,,,,,,,,,,,Engineer_ISR_1,,,-76.55848803536715,3.38714610449503,2026-08-17 21:04,COMUNA 18,Mario Correa Rengifo,-76.55848803536715,3.38714610449503,,,,,,,,,no,verde,survey_israel
,,,2026-08-17,22:56,חנן אלכסנדר,,Inspectores de Israel,sismo,,Cali,,,,,,,,,10.0,1.0,,,,,,,,,,,10,porticos,,concreto_mc,,,,,סקר ראשוני,,,,,,,,,,,,,,,,,,,,,,,,,,,,,,,,no,no,no,no,no,si,moderado,,moderado,,,completa,completa,,,,medio,,medio,,,,r1,,estructural,,,,,,,"בית החולים מורכב ממבנה 10 קומות ועוד מבנה היקפי בן 3 קומות. שלד המבנים תקין ללא סדקים פרט לעמוד פנימי שנגזר. להערכתי העמוד אינו לקח חלק במערכת ההקשחה ברעידת האדמה בגלל חוסר בפרטי זיון. וגם בגלל שלא נצפו כלל נזקים נוספים במערכת ההקשחה.המלצתי לתמוך את העמוד לעומס אנכי עם רגלי מסקו. פרט לנזק זה,  נצפו המון נזקים קלים לבלוקים. יש לציין שהמבנה בן 10 קומות חוזק לרעידות אדמה בעזרת מסגרות ואלכסוני פלדה.",,,,Engineer_ISR_2,,,-76.52468366226786,3.4668052988122477,2026-08-17 22:56,COMUNA 02,San Vicente,-76.52468366226786,3.4668052988122477,,,,,,,,,no,amarillo,survey_israel
,,,2026-08-18,14:39,איתי יאמין,,Inspectores de Israel,sismo,,Cali,,,,,,,,,2.0,,,,,,,,,,,,2,porticos,,concreto_mc,,,,,סקר ראשוני,,,,,,,,,,,,,,,,,,,,,,,,,,,,,,,,no,no,no,no,no,no,leve,,leve,,,completa,completa,,,,bajo,,bajo,,,,h,,otra,,,גבי בן דוד,,,,,,,,Engineer_ISR_2,,,-76.53349606693311,3.4124179330272613,2026-08-18 14:39,COMUNA 10,Panamericano,-76.53349606693311,3.4124179330272613,,,,,,,,,no,verde,survey_israel
,,,2026-08-18,14:45,רענן בן סיני,,Inspectores de Israel,sismo,,Cali,,,,,,,,,1.0,,,,,,,,,,,,10,porticos,,concreto_mc,,,,,סקר ראשוני,,,,,,,,,,,,,,,,,,,,,,,,,,,,,,,,no,si,no,no,no,no,sin_dano,,sin_dano,,,completa,completa,,,,sin_dano,,sin_dano,,,,h,,,,,,,,,"המבנה המרפאה לא נפגע כלל, קטע קטן של קיר הפיתוח קיבל סדקי כפיפה כלפי חוץ המגרש, מדובר בקיר בני ולא נושא",,,,Engineer_ISR_2,,,-76.50038848016877,3.44594792301032,2026-08-18 14:45,COMUNA 08,Villa Colombia,-76.50038848016877,3.44594792301032,,,,,,,,,no,verde,survey_israel
,,,2026-08-18,15:31,גבי בן דוד,,Inspectores de Israel,sismo,,Cali,,,,,,,,,6.0,1.0,,,,,,,,,,,2,otro,,mat_no_claro,,,,,,,,,,,,,,,,,,,,,,,,,,,,,,,,,,,,,no,no,no,si,no,si,severo,,severo,,,completa,completa,,,,alto,,alto,,,,i2,,estructural,,,,,,,יש לסגור הגישה למבנה עד לתיקון קומת הגג מחשש לנפילה על עוברי אורח. יש לסגור המדרכה ואם ניתן אף את הכביש,,,,Engineer_ISR_1,,,-76.54072997354068,3.4195469761925876,2026-08-18 15:31,COMUNA 19,Los Cámbulos,-76.54072997354068,3.4195469761925876,,,,,,,,,no,rojo,survey_israel
,,,2026-08-18,15:36,רענן בן סיני,,Inspectores de Israel,sismo,,Cali,,,,,,,,,2.0,,,,,,,,,,,,10,porticos,,concreto_mc,,,,,סקר ראשוני,,,,,,,,,,,,,,,,,,,,,,,,,,,,,,,,no,no,no,no,no,no,sin_dano,,sin_dano,,,completa,completa,,,,sin_dano,,sin_dano,,,,h,,,,,,,,,"לא נצפה נזק מבני, נדרש תיקונים קלים. מבנה תקין",,,,Engineer_ISR_2,,,-76.52564180175663,3.423425251916963,2026-08-18 15:36,COMUNA 10,Cristóbal Colón,-76.52564180175663,3.423425251916963,,,,,,,,,no,verde,survey_israel
,,,2026-08-18,15:48,איתמר נצר,,Inspectores de Israel,sismo,,Cali,,,,,,,,,2.0,,,,,,,,,,,,2,otro,מבנה שלוד על עמודי בטון וקירות בני נושאים,mat_no_claro,,,,,תחנת כיבוי אש,,,,,,,,,,,,,,,,,,,,,,,,,,,,,,,,no,no,no,si,no,si,moderado,,leve,,,completa,completa,,,,medio,,medio,,,,r2,,"estructural,otra",,,לא,תמיכת קירות,,,,,,,Engineer_ISR_1,,,-76.53702083,3.4360405,2026-08-18 15:48,COMUNA 19,El Cedro,-76.53702083,3.4360405,,,,,,,,,no,amarillo,survey_israel
,,,2026-08-18,17:18,איתמר נצר,,Inspectores de Israel,sismo,,Cali,,,,,,,,,3.0,1.0,,,,,,,,,,,2,porticos,,concreto_mc,,,,,,,,,,,,,,,,,,,,,,,,,,,,,,,,,,,,,no,no,no,no,no,no,sin_dano,,sin_dano,,,completa,completa,,,,sin_dano,,sin_dano,,,,h,,,,,,,,,,,,,Engineer_ISR_1,,,-76.52749456625035,3.459972366637784,2026-08-18 17:18,COMUNA 02,Versalles,-76.52749456625035,3.459972366637784,,,,,,,,,no,verde,survey_israel
,,,2026-08-18,16:32,רענן בן סיני,,Inspectores de Israel,sismo,,Cali,,,,,,,,,1.0,,,,,,,,,,,,10,porticos,,concreto_mc,,,,,סקר ראשוני,,,,,,,,,,,,,,,,,,,,,,,,,,,,,,,,no,no,no,no,no,no,leve,,moderado,,,completa,completa,,,,bajo,,bajo,,,,h,,,,,,,,,"סדקים בקירות בני, מערכת נושאת לא נפגעה. אין חשש לשימוש במבנה",,,,Engineer_ISR_2,,,-76.51452353314815,3.4022383002781384,2026-08-18 16:32,COMUNA 16,Mariano Ramos,-76.51452353314815,3.4022383002781384,,,,,,,,,no,verde,survey_israel
,,,2026-08-18,16:22,גבי בן דוד,,Inspectores de Israel,sismo,,Cali,,,,,,,,,2.0,,,,,,,,,,,,2,porticos,,concreto_mc,,,,,,,,,,,,,,,,,,,,,,,,,,,,,,,,,,,,,no,no,no,no,no,no,sin_dano,,sin_dano,,,completa,completa,,,,sin_dano,,sin_dano,,,,h,,,,,,,,,"רצפה צפה על קורות  פלדה, שבר בריצוף. כמו כן מספר קורות עץ התומכות את גג האיסכורית התנתקו מהקיר ויש לתמוך זמנית ולבצע תיקון מקומי",,,,Engineer_ISR_1,,,-76.5405315285079,3.426548363731749,2026-08-18 16:22,COMUNA 19,San Fernando Nuevo,-76.5405315285079,3.426548363731749,,,,,,,,,no,verde,survey_israel
,,,2026-08-18,18:58,רענן בן סיני,,Inspectores de Israel,sismo,,Cali,,,,,,,,,10.0,2.0,,,,,,,,,,,10,porticos,,concreto_mc,,,,,סקר ראשוני,,,,,,,,,,,,,,,,,,,,,,,,,,,,,,,,no,no,no,no,no,si,leve,,moderado,,,completa,completa,,,,bajo,,bajo,,,,r1,,,,,,,,,"יש לבצע פירוק מבוקר של קטעי החזיתות אשר נפגעו והשלמת בניה מחדש.
עד ההשלמה האזור מוגבל בשימוש.
שאר המבנה תקין לחלוטין",,,,Engineer_ISR_2,,,-76.52700689873038,3.462461191344917,2026-08-18 18:58,COMUNA 02,San Vicente,-76.52700689873038,3.462461191344917,,,,,,,,,no,amarillo,survey_israel
,,,2026-08-18,17:56,גבי בן דוד,,Inspectores de Israel,sismo,,Cali,,,,,,,,,5.0,,,,,,,,,,,,10,porticos,,concreto_mc,,,,,,,,,,,,,,,,,,,,,,,,,,,,,,,,,,,,,no,no,no,no,no,si,leve,,severo,,,completa,completa,,,,bajo,,bajo,,,,h,,,,,,,,,יש לתקן קירות בלוקים במבנה,,,,Engineer_ISR_1,,,-76.54538005320158,3.4199410836318322,2026-08-18 17:56,COMUNA 19,Urbanización Tequendama,-76.54538005320158,3.4199410836318322,,,,,,,,,no,verde,survey_israel
,,,2026-08-18,18:19,שי חביב,,Inspectores de Israel,sismo,,Cali,,,,,,,,,3.0,1.0,,,,,,,,,,,2,porticos,,concreto_mc,,,,, ,,,,,,,,,,,,,,,,,,,,,,,,,,,,,,,,no,no,no,si,no,si,leve,,moderado,,,completa,completa,,,,bajo,,bajo,,,,r1,,estructural,,,,"טיפול באריחים חיצוניים
פירוק קיר בלוקים נוטה בגג","קומת משרדים מתחת לקיר הגג
נפילת אריחים בקיר חיצוני",,מבנה בן 3 קומות ללא נזקים בשלד. קירות בלוקים נסדקו קלות. יש קיר במעקה הגג שנוטה הצידה בסכנת נפילה. הוגדר אזור אדום וניתנה המלצה על אופן ההריסה כך שהקיר לא יתמוטט למטה תוך כדי ההריסה. יש לבדוק אריחים וקירות בלוקים בסכנת התמוטטות בקירות החזית החיצוניים,,,,Engineer_ISR_2,,,-76.52308781864035,3.4664683556559766,2026-08-18 18:19,COMUNA 02,San Vicente,-76.52308781864035,3.4664683556559766,,,,,,,,,no,amarillo,survey_israel
,,,2026-08-18,18:29,גבי בן דוד,,Inspectores de Israel,sismo,,Cali,,,,,,,,,1.0,,,,,,,,,,,,10,porticos,,concreto_mc,,,,,,,,,,,,,,,,,,,,,,,,,,,,,,,,,,,,,no,no,no,no,no,si,sin_dano,,sin_dano,,,completa,completa,,,,sin_dano,,sin_dano,,,,h,,,,,,,,,,,,,Engineer_ISR_1,,,-76.54485934474715,3.4219608910182395,2026-08-18 18:29,COMUNA 19,Urbanización Tequendama,-76.54485934474715,3.4219608910182395,,,,,,,,,no,verde,survey_israel
,,,2026-08-18,18:35,גבי בן דוד,,Inspectores de Israel,sismo,,Cali,,,,,,,,,,1.0,,,,,,,,,,,10,porticos,,concreto_mc,,,,,,,,,,,,,,,,,,,,,,,,,,,,,,,,,,,,,no,no,no,no,no,si,sin_dano,,sin_dano,,,parcial,no_ingreso,,,,sin_dano,,sin_dano,,,,r1,,estructural,,,,,,,"בוצע סקר חיצוני בלבד, לא נכנסנו לפנים הבניין, לא ידוע מצבו מלבד  מעקה גג שקרס",,,,Engineer_ISR_1,,,-76.54521693082408,3.422020753823482,2026-08-18 18:35,COMUNA 19,Urbanización Tequendama,-76.54521693082408,3.422020753823482,,,,,,,,,no,amarillo,survey_israel
,,,2026-08-18,18:48,גבי בן דוד,,Inspectores de Israel,sismo,,Cali,,,,,,,,,6.0,1.0,,,,,,,,,,,10,porticos,,concreto_mc,,,,,,,,,,,,,,,,,,,,,,,,,,,,,,,,,,,,,no,no,no,no,no,si,leve,,severo,,,parcial,completa,,,,bajo,,bajo,,,,r2,,otra,,,יש לבצע סקר חוזר לבדיקת חיבורי תקרה קורה בחלקים נרחבים של המבנה. חלק מהמבנה אין גישה ותקרות חוסמות את העמודים/קורות,,,,יש לבצע סקר חוזר מעמיק יותר בכל חלקי המבנה. יש לפרק תקרות ולחשוף החיבורים ,,,,Engineer_ISR_1,,,-76.5467761339678,3.421650957153404,2026-08-18 18:48,COMUNA 19,Urbanización Tequendama,-76.5467761339678,3.421650957153404,,,,,,,,,no,amarillo,survey_israel
,,,2026-08-18,18:56,איתמר נצר,,Inspectores de Israel,sismo,,Cali,,,,,,,,,2.0,,,,,,,,,,,,2,otro,,mat_no_claro,,,,,,,,,,,,,,,,,,,,,,,,,,,,,,,,,,,,,no,no,no,no,no,no,sin_dano,,sin_dano,,,completa,completa,,,,sin_dano,,sin_dano,,,,h,,,,,,,,,,,,,Engineer_ISR_1,,,-76.52560231,3.46594585,2026-08-18 18:56,COMUNA 02,San Vicente,-76.52560231,3.46594585,,,,,,,,,no,verde,survey_israel
,,,2026-08-18,19:03,רענן בן סיני,,Inspectores de Israel,sismo,,Cali,,,,,,,,,4.0,,,,,,,,,,,,10,porticos,,concreto_mc,,,,,סקר ראשוני,,,,,,,,,,,,,,,,,,,,,,,,,,,,,,,,no,no,no,no,no,no,sin_dano,,sin_dano,,,completa,completa,,,,sin_dano,,sin_dano,,,,h,,,,,,,,,"מבנה במצב תקין, קיים חשש לנפילת אלמנטים מחזיתות המבנה השכן, מומלץ להתקין הגנות מתאימות בתיאום עם הבעלים של המבנה השכן.
בניטרול הסיכון של המבנה השכן המבנה כשיר לחלוטין",,,,Engineer_ISR_2,,,-76.52774047916108,3.4628301006035733,2026-08-18 19:03,COMUNA 02,San Vicente,-76.52774047916108,3.4628301006035733,,,,,,,,,no,verde,survey_israel
,,,2026-08-18,19:55,שי חביב,,Inspectores de Israel,sismo,,Cali,,,,,,,,,2.0,,,,,,,,,,,,2,porticos,,concreto_mc,,,,,,,,,,,,,,,,,,,,,,,,,,,,,,,,,,,,,no,si,no,no,no,no,severo,,moderado,,,completa,completa,,,,alto,,alto,,,,r2,,estructural,,,,"יצירת מערכת הקשחה למבנה בכיוון x,y, שלא נמצאת בבניין בכלל.
נדרש לבצע חיזוק ותימוך לקורות שקיבלו גזירה/כפיפה.
יש לבצע התקנה מחדש של חופת הרכבל אשר נתלשה מהתקרה- עדיף לחבר לעמוד או קורה.
יש לפנות את קירות הבלוק אשר מועדים ליפול.
יש לתמוך בהקדם את הקונזולה שמשמשת חיפוי לתחנת העלאה לנוסעים.",,,"מבנה הדורש חיזוק סיסמי ושיפוץ על מנת לחזור לתפקוד מלא של אלפי אנשים ביום.
אין סכנה מיידית לכניסה למבנה
יש סכנה מיידית בסביבת סככת החיפוי מעומס רוח - יש לתמוך בהקדם.",,,,Engineer_ISR_2,,,-76.53919866667981,3.417058683279388,2026-08-18 19:55,COMUNA 19,Los Cámbulos,-76.53919866667981,3.417058683279388,,,,,,,,,no,amarillo,survey_israel
,,,2026-08-18,21:03,גבי בן דוד,,Inspectores de Israel,sismo,,Cali,,,,,,,,,2.0,,,,,,,,,,,,10,porticos,,concreto_mc,,,,,,,,,,,,,,,,,,,,,,,,,,,,,,,,,,,,,no,no,no,no,no,si,leve,,severo,,,completa,completa,,,,bajo,,bajo,,,,i2,,estructural,,,,יש לבנות את הקיר שקרס בטרם יאוכלס המבנה,,,"החלק שלא נפגע כשיר, ככל שיבנו מחדש את הקיר שקרס ניתן להשתמש במבנה",,,,Engineer_ISR_1,,,-76.54290148275507,3.4222051279760115,2026-08-18 21:03,COMUNA 19,Urbanización Tequendama,-76.54290148275507,3.4222051279760115,,,,,,,,,no,rojo,survey_israel
,,,2026-08-18,21:42,גבי בן דוד,,Inspectores de Israel,sismo,,Cali,,,,,,,,,2.0,,,,,,,,,,,,10,porticos,,concreto_mc,,,,,,,,,,,,,,,,,,,,,,,,,,,,,,,,,,,,,no,no,no,no,no,si,leve,,leve,,,completa,completa,,,,bajo,,bajo,,,,h,,,,,,,,,"קיר חיצוני התמוטט, נמצא בשלב מתקדם של בניה מחדש. ככל שיסיימו הבינוי ניתן להפעיל המרפאה. ישנה קורה מעל הקיר שנפגע, יושבת על קיר הלבנים, לא תקין! אך זו הייתה הבניה לפני בלי קשר לרעידת האדמה",,,,Engineer_ISR_1,,,-76.54713936954955,3.4210222923539515,2026-08-18 21:42,COMUNA 19,Urbanización Tequendama,-76.54713936954955,3.4210222923539515,,,,,,,,,no,verde,survey_israel
,,,2026-08-18,21:00,איתמר נצר,,Inspectores de Israel,sismo,,Cali,,,,,,,,,16.0,2.0,,,,,,,,,,,9,muros_carga,,concreto_mc,,,,,,,,,,,,,,,,,,,,,,,,,,,,,,,,,,,,,no,no,no,no,no,no,leve,,moderado,,,completa,completa,,,,bajo,,bajo,,,,h,,estructural,,,,רכיבים לא מבניים בקומות הגבוהות,,,,,,,Engineer_ISR_2,,,-76.53450937555675,3.4543998732023358,2026-08-18 21:00,COMUNA 02,Centenario,-76.53450937555675,3.4543998732023358,,,,,,,,,no,verde,survey_israel
,,,2026-08-19,14:13,גבי בן דוד,,Inspectores de Israel,sismo,,Cali,,,,,,,,,2.0,,,,,,,,,,,,10,porticos,,concreto_mc,,,,,,,,,,,,,,,,,,,,,,,,,,,,,,,,,,,,,no,no,no,no,no,si,moderado,,moderado,,,parcial,completa,,,,medio,,medio,,,,r1,,estructural,,,,חיזוק מקומי לקורה עד בחינה מעמיקה יותר. תיחום השטח מתחת לקיר בלוק שנפגע,"מתחת לקורה סדוקה, מתחת לקיר בלוק",,,,,,Engineer_ISR_1,,,-76.52768491207254,3.454823459930981,2026-08-19 14:13,COMUNA 03,San Nicolás,-76.52768491207254,3.454823459930981,,,,,,,,,no,amarillo,survey_israel
,,,2026-08-19,14:49,רענן בן סיני,,Inspectores de Israel,sismo,,Cali,,,,,,,,,2.0,,,,,,,,,,,,10,porticos,,concreto_mc,,,,,סקר ראשוני,,,,,,,,,,,,,,,,,,,,,,,,,,,,,,,,no,no,no,no,no,no,moderado,,moderado,,,completa,completa,,,,medio,,medio,,,,i2,,estructural,,,,,,,"מערכת ההקשחה של המבנה נפגעה ולא תעמוד ברעידה נוספת. בנוסף מבנה שכן חווה נזק כבד ועדיין עומד על תילו אולם בסריקה ראשונית המבנה הסמוך נמצא מסוכן ומאיים על המבנה הנוכחי. ניתן להיכנס באופן זמני להוציא ציוד.
אין לעלות לקומה השניה ללא חיזוק גרם המדרגות שנפגע ולאחר התייעצות עם מהנדס מבנים. לא נסקרה הקומה השניה",,,,Engineer_ISR_2,,,-76.54826565748984,3.4069122095308404,2026-08-19 14:49,COMUNA 19,Cuarto de Legua - Guadalupe,-76.54826565748984,3.4069122095308404,,,,,,,,,no,rojo,survey_israel
,,,2026-08-19,15:16,גבי בן דוד,,Inspectores de Israel,sismo,,Cali,,,,,,,,,5.0,1.0,,,,,,,,,,,10,otro,מבנה בטון/ בלוקים ותקרות פלדה ,mat_no_claro,,,,,,,,,,,,,,,,,,,,,,,,,,,,,,,,,,,,,no,no,no,no,no,si,leve,,moderado,,,parcial,completa,,,,bajo,,bajo,,,,h,,,,,,,,,,,,,Engineer_ISR_1,,,-76.52772521408946,3.4625902319049033,2026-08-19 15:16,COMUNA 02,San Vicente,-76.52772521408946,3.4625902319049033,,,,,,,,,no,verde,survey_israel
,,,2026-08-19,15:17,איתמר נצר,,Inspectores de Israel,sismo,,Cali,,,,,,,,,2.0,,,,,,,,,,,,5,porticos,,concreto_mc,,,,,,,,,,,,,,,,,,,,,,,,,,,,,,,,,,,,,no,no,no,no,no,no,sin_dano,,sin_dano,,,completa,completa,,,,sin_dano,,sin_dano,,,,h,,,,,,,,,,,,,Engineer_ISR_1,,,-76.50378856668824,3.4350405165129154,2026-08-19 15:17,COMUNA 12,El Rodeo,-76.50378856668824,3.4350405165129154,,,,,,,,,no,verde,survey_israel
,,,2026-08-19,16:06,רענן בן סיני,,Inspectores de Israel,sismo,,Cali,,,,,,,,,4.0,1.0,,,,,,,,,,,10,porticos,,concreto_mc,,,,,סקר ראשוני,,,,,,,,,,,,,,,,,,,,,,,,,,,,,,,,no,si,no,no,no,no,leve,,leve,,,completa,completa,,,,bajo,,bajo,,,,h,,,,,,,,,"המבנה נמצא במצב תקין מבחינה מבנית. אין מניעה לשימוש במבנה, פרט לאזור נקודתי בקומה 4 בו נכשלה תקרה טכנית והתמוטטה. נדרש לפנות וניתן להשמיש את המבנה",,,,Engineer_ISR_2,,,-76.54688608596193,3.4226876394604853,2026-08-19 16:06,COMUNA 19,Urbanización Tequendama,-76.54688608596193,3.4226876394604853,,,,,,,,,no,verde,survey_israel
,,,2026-08-19,16:03,איתמר נצר,,Inspectores de Israel,sismo,,Cali,,,,,,,,,2.0,,,,,,,,,,,,5,muros_carga,,concreto_mc,,,,,,,,,,,,,,,,,,,,,,,,,,,,,,,,,,,,,no,no,no,no,no,no,sin_dano,,sin_dano,,,completa,completa,,,,sin_dano,,sin_dano,,,,h,,,,,,,,,,,,,Engineer_ISR_1,,,-76.51453104216561,3.437277461831016,2026-08-19 16:03,COMUNA 08,Primitivo Crespo,-76.51453104216561,3.437277461831016,,,,,,,,,no,verde,survey_israel
,,,2026-08-19,16:16,איתמר נצר,,Inspectores de Israel,sismo,,Cali,,,,,,,,,2.0,,,,,,,,,,,,5,muros_carga,,concreto_mc,,,,,,,,,,,,,,,,,,,,,,,,,,,,,,,,,,,,,no,no,no,no,no,no,sin_dano,,sin_dano,,,completa,completa,,,,sin_dano,,sin_dano,,,,h,,,,,,,,,,,,,Engineer_ISR_1,,,-76.51768158747893,3.438480601901065,2026-08-19 16:16,COMUNA 08,Primitivo Crespo,-76.51768158747893,3.438480601901065,,,,,,,,,no,verde,survey_israel
,,,2026-08-19,16:59,חנן אלכסנדר,,Inspectores de Israel,sismo,,Cali,,,,,,,,,3.0,1.0,,,,,,,,,,,3,porticos,,concreto_mc,,,,,,,,,,,,,,,,,,,,,,,,,,,,,,,,,,,,,no,no,no,no,no,si,severo,,moderado,,,parcial,completa,,,,alto,,alto,,,,r2,,estructural,,, ,"פינוי אלמנטים לא מבניים שעלולים ליפול
טיפול בזיזים שעלולים להתמוטט
שיקום אלמנטי שלד",,,"המבנה ללא כמות עמודים מספקת בתקרת הקומה השניה. הזיזים שקעו והם בסכנת התמוטטות. 
שני המבנים הארוכים מוגבלים בשימוש בקומת הקרקע והמרתף ואסורים בשימוש בשאר הקומות. שורת החנויות החיצונית ראויה לאכלוס כי במקרה של רעידת אדמה ניתן לצאת בקלות ואין סכנת התמוטטות מיידית. 
שני המבנים הקטנים בקצוות אחד ראוי לשימוש והשני מוגבל בשימוש. 
יש לבצע הערכה מקיפה ולקבל החלטה האם לשקם את הקניון או להרוס. ",,,,Engineer_ISR_1,,,-76.54776767281884,3.4161080888897564,2026-08-19 16:59,COMUNA 19,Unidad Residencial Santiago de Cali,-76.54776767281884,3.4161080888897564,,,,,,,,,no,amarillo,survey_israel
,,,2026-08-19,17:08,איתמר נצר,,Inspectores de Israel,sismo,,Cali,,,,,,,,,,,,,,,,,,,,,5,muros_carga,,concreto_mc,,,,,,,,,,,,,,,,,,,,,,,,,,,,,,,,,,,,,no,no,no,no,no,no,sin_dano,,sin_dano,,,completa,completa,,,,sin_dano,,sin_dano,,,,h,,,,,,,,,,,,,Engineer_ISR_1,,,-76.50891123205382,3.421102342052865,2026-08-19 17:08,COMUNA 11,Primavera,-76.50891123205382,3.421102342052865,,,,,,,,,no,verde,survey_israel
,,,2026-08-19,17:23,גבי בן דוד,,Inspectores de Israel,sismo,,Cali,,,,,,,,,12.0,,,,,,,,,,,,10,porticos,,concreto_mc,,,,,"מרפאה בקומת הקרקע מתחת למבנה מגורים של 12 קומות 
לא ני פה",,,,,,,,,,,,,,,,,,,,,,,,,,,,,,,,no,no,no,no,no,si,severo,,severo,,,parcial,no_ingreso,,,,alto,,alto,,,,i2,,"estructural,otra",,,בדיקה מקיפה של הבניין!!,,,,,,,,Engineer_ISR_1,,,-76.54528912752517,3.4151914200613867,2026-08-19 17:23,COMUNA 19,Unidad Residencial Santiago de Cali,-76.54528912752517,3.4151914200613867,,,,,,,,,no,rojo,survey_israel
,,,2026-08-19,18:03,גבי בן דוד,,Inspectores de Israel,sismo,,Cali,,,,,,,,,2.0,1.0,,,,,,,,,,,10,porticos,,concreto_mc,,,,,,,,,,,,,,,,,,,,,,,,,,,,,,,,,,,,,no,no,no,no,no,si,leve,,moderado,,,parcial,completa,,,,bajo,,bajo,,,,r1,,estructural,,,,,נפילת לבנים ממערב המבנה וקיר חיצוני,,,,,,Engineer_ISR_1,,,-76.53817667044905,3.4380615559507492,2026-08-19 18:03,COMUNA 09,Alameda,-76.53817667044905,3.4380615559507492,,,,,,,,,no,amarillo,survey_israel
,,,2026-08-19,20:22,גבי בן דוד,,Inspectores de Israel,sismo,,Cali,,,,,,,,,2.0,,,,,,,,,,,,10,porticos,,concreto_mc,,,,,,,,,,,,,,,,,,,,,,,,,,,,,,,,,,,,,no,no,no,no,no,si,sin_dano,,sin_dano,,,completa,completa,,,,sin_dano,,sin_dano,,,,r1,,estructural,,,,יש לתקן את הקיר של הבניין השכן מסכנה של המשך נפילה ,גג רעפים שנמצא מתחת לקיר לבנים שנפל בחלקו,,,,,,Engineer_ISR_1,,,-76.54467071919873,3.4218481723175627,2026-08-19 20:22,COMUNA 19,Urbanización Tequendama,-76.54467071919873,3.4218481723175627,,,,,,,,,no,amarillo,survey_israel
,,,2026-08-19,20:24,רענן בן סיני,,Inspectores de Israel,sismo,,Cali,,,,,,,,,2.0,,,,,,,,,,,,10,porticos,,concreto_mc,,,,,סקר ראשוני,,,,,,,,,,,,,,,,,,,,,,,,,,,,,,,,no,no,no,no,no,no,sin_dano,,sin_dano,,,completa,completa,,,,sin_dano,,sin_dano,,,,h,,,,,,,,,מבנה תקין לחלוטין,,,,Engineer_ISR_2,,,-76.54490682520148,3.42131832555851,2026-08-19 20:24,COMUNA 19,Urbanización Tequendama,-76.54490682520148,3.42131832555851,,,,,,,,,no,verde,survey_israel
,,,2026-08-19,20:34,חנן אלכסנדר,,Inspectores de Israel,sismo,,Cali,,,,,,,,,4.0,,,,,,,,,,,,1,porticos,,concreto_mc,,,,,,,,,,,,,,,,,,,,,,,,,,,,,,,,,,,,,no,no,no,no,no,no,leve,,leve,,,completa,completa,,,,bajo,,bajo,,,,h,,,,,,,,,סדקים קלים ברכיבים לא מבניים,,,,Engineer_ISR_1,,,-76.5491813318185,3.4183598491902285,2026-08-19 20:34,COMUNA 19,El Lido,-76.5491813318185,3.4183598491902285,,,,,,,,,no,verde,survey_israel
,,,2026-08-19,20:41,חנן אלכסנדר,,Inspectores de Israel,sismo,,Cali,,,,,,,,,4.0,,,,,,,,,,,,1,porticos,,concreto_mc,,,,,,,,,,,,,,,,,,,,,,,,,,,,,,,,,,,,,no,no,no,no,no,si,leve,,leve,,,completa,completa,,,,bajo,,bajo,,,,h,,estructural,,,,טיפול בגג הקל ובניית קירות בלוקים שניזוקו,,,"פרט לקומת הגג הנדרשת קצת שיפוץ 
ניתן לאכלס את המבנה",,,,Engineer_ISR_1,,,-76.54891621292703,3.418163806214575,2026-08-19 20:41,COMUNA 19,El Lido,-76.54891621292703,3.418163806214575,,,,,,,,,no,verde,survey_israel
,,,2026-08-19,20:42,גבי בן דוד,,Inspectores de Israel,sismo,,Cali,,,,,,,,,1.0,,,,,,,,,,,,10,porticos,,concreto_mc,,,,,,,,,,,,,,,,,,,,,,,,,,,,,,,,,,,,,no,no,no,no,no,no,leve,,leve,,,completa,completa,,,,bajo,,bajo,,,,h,,,,,,,,,תקרת גבס ,,,,Engineer_ISR_1,,,-76.54434936397382,3.4201383915095027,2026-08-19 20:42,COMUNA 19,Urbanización Tequendama,-76.54434936397382,3.4201383915095027,,,,,,,,,no,verde,survey_israel
,,,2026-08-19,20:49,חנן אלכסנדר,,Inspectores de Israel,sismo,,Cali,,,,,,,,,4.0,,,,,,,,,,,,1,porticos,,concreto_mc,,,,,,,,,,,,,,,,,,,,,,,,,,,,,,,,,,,,,no,no,no,no,no,si,leve,,moderado,,,completa,completa,,,,bajo,,bajo,,,,h,,estructural,,,,טיפול בקירות הבלוקים שנפגעו,,,,,,,Engineer_ISR_1,,,-76.54851994898722,3.418291699594275,2026-08-19 20:49,COMUNA 19,El Lido,-76.54851994898722,3.418291699594275,,,,,,,,,no,verde,survey_israel
,,,2026-08-19,20:50,איתמר נצר,,Inspectores de Israel,sismo,,Cali,,,,,,,,,2.0,,,,,,,,,,,,5,porticos,,concreto_mc,,,,,,,,,,,,,,,,,,,,,,,,,,,,,,,,,,,,,no,no,no,no,no,no,sin_dano,,sin_dano,,,completa,completa,,,,sin_dano,,sin_dano,,,,h,,,,,,,,,,,,,Engineer_ISR_1,,,-76.51448042299766,3.4087444358188637,2026-08-19 20:50,COMUNA 16,República de Israel,-76.51448042299766,3.4087444358188637,,,,,,,,,no,verde,survey_israel
,,,2026-08-19,21:06,רענן בן סיני,,Inspectores de Israel,sismo,,Cali,,,,,,,,,2.0,,,,,,,,,,,,10,porticos,,concreto_mc,,,,,סקר ראשוני,,,,,,,,,,,,,,,,,,,,,,,,,,,,,,,,no,no,no,no,no,no,sin_dano,,sin_dano,,,completa,completa,,,,sin_dano,,sin_dano,,,,h,,,,,,,,,מבנה תקין לחלוטין,,,,Engineer_ISR_2,,,-76.54540611153134,3.4215143634056084,2026-08-19 21:06,COMUNA 19,Urbanización Tequendama,-76.54540611153134,3.4215143634056084,,,,,,,,,no,verde,survey_israel
,,,2026-08-19,21:22,איתמר נצר,,Inspectores de Israel,sismo,,Cali,,,,,,,,,1.0,,,,,,,,,,,,6,porticos,,concreto_mc,,,,,,,,,,,,,,,,,,,,,,,,,,,,,,,,,,,,,no,no,no,no,no,no,sin_dano,,sin_dano,,,completa,completa,,,,sin_dano,,sin_dano,,,,h,,,,,,,,,,,,,Engineer_ISR_1,,,-76.51226595365145,3.404778888474876,2026-08-19 21:22,COMUNA 16,República de Israel,-76.51226595365145,3.404778888474876,,,,,,,,,no,verde,survey_israel
,,,2026-08-19,21:32,גבי בן דוד,,Inspectores de Israel,sismo,,Cali,,,,,,,,,4.0,,,,,,,,,,,,1,porticos,,concreto_mc,,,,,,,,,,,,,,,,,,,,,,,,,,,,,,,,,,,,,no,no,no,no,no,no,leve,,moderado,,,parcial,completa,,,,bajo,,bajo,,,,h,,,,,,,,,,,,,Engineer_ISR_1,,,-76.54773605301915,3.4219941537122764,2026-08-19 21:32,COMUNA 19,El Lido,-76.54773605301915,3.4219941537122764,,,,,,,,,no,verde,survey_israel
,,,2026-08-19,21:35,חנן אלכסנדר,,Inspectores de Israel,sismo,,Cali,,,,,,,,,7.0,1.0,,,,,,,,,,,1,porticos,,concreto_mc,,,,,,,,,,,,,,,,,,,,,,,,,,,,,,,,,,,,,no,no,no,no,no,si,leve,,moderado,,,completa,completa,,,,bajo,,bajo,,,,h,,estructural,,,,טיפול בנזקי קירות הבלוקים,,,מבנה משנות השבעים עם עמודים גדולים ובצורת אות ר שתפקד נהדר ברעידה. בקומות תחתונות נזקי בלוקים מסיביים,,,,Engineer_ISR_1,,,-76.54972896008708,3.418480558945042,2026-08-19 21:35,COMUNA 19,El Lido,-76.54972896008708,3.418480558945042,,,,,,,,,no,verde,survey_israel
,,,2026-08-19,21:38,איתמר נצר,,Inspectores de Israel,sismo,,Cali,,,,,,,,,2.0,,,,,,,,,,,,5,porticos,,concreto_mc,,,,,,,,,,,,,,,,,,,,,,,,,,,,,,,,,,,,,no,no,no,no,si,no,leve,,moderado,,,completa,completa,,,,bajo,,bajo,,,,r1,,estructural,,,,זווית חיזוק ותמיכות לארכיון,מזכירות,,,,,,Engineer_ISR_1,,,-76.51501048920242,3.402616276334318,2026-08-19 21:38,COMUNA 16,Mariano Ramos,-76.51501048920242,3.402616276334318,,,,,,,,,no,amarillo,survey_israel
,,,2026-08-19,22:04,גבי בן דוד,,Inspectores de Israel,sismo,,Cali,,,,,,,,,4.0,,,,,,,,,,,,1,porticos,,concreto_mc,,,,,,,,,,,,,,,,,,,,,,,,,,,,,,,,,,,,,no,no,no,si,no,si,leve,,severo,,,parcial,completa,,,,bajo,,bajo,,,,r2,,estructural,,,,יש לפרק קיר העומד ליפול ,"שתי דירות בתוך קומפלקס גדול שלא נבדק כולו. לדברי הדיירים יתר הדירות תקינות. אין לאכלס הדירות שנפגעו, יש למנוע מעבר אנשים בגינות הסמוכות לדירות אלה. נראה שאין מניעה לאכלס את יתר הקומפלקס ",,"מבנה מגורים רב דירות.
יש לאסור השימוש בדירות שנפגעו. יש למנוע מעבר אדם בחצר בצד הנפילה",,,,Engineer_ISR_1,,,-76.54835190294364,3.420351471668834,2026-08-19 22:04,COMUNA 19,El Lido,-76.54835190294364,3.420351471668834,,,,,,,,,no,amarillo,survey_israel
,,,2026-08-19,22:37,איתמר נצר,,Inspectores de Israel,sismo,,Cali,,,,,,,,,3.0,,,,,,,,,,,,5,porticos,,concreto_mc,,,,,,,,,,,,,,,,,,,,,,,,,,,,,,,,,,,,,no,no,no,no,no,si,sin_dano,,,,,completa,completa,,,,sin_dano,,sin_dano,,,,h,,estructural,,,,"קיר בלוקים שהתנתק ועכשיו הוא לא יציב. תימכנו אןתו ארעית, אבל צריך לפתור את זה במיידי. ניתנה הצעה",,,,,,,Engineer_ISR_1,,,-76.51426877991673,3.401342946126693,2026-08-19 22:37,COMUNA 16,Mariano Ramos,-76.51426877991673,3.401342946126693,,,,,,,,,no,verde,survey_israel
,,,2026-08-19,22:42,חנן אלכסנדר,,Inspectores de Israel,sismo,,Cali,,,,,,,,,3.0,1.0,,,,,,,,,,,1,porticos,,concreto_mc,,,,,,,,,,,,,,,,,,,,,,,,,,,,,,,,,,,,,no,no,no,no,no,no,leve,,leve,,,completa,completa,,,,bajo,,bajo,,,,h,,,,,,,,,"מבנה ללא נזק
יש לתמוך את המודול בין העמודים בסמוך למבנה שהתמוטט כדי שבפינוי המבנה ההרוס תהיה תמיכה במידה וינזקו העמודים",,,,Engineer_ISR_1,,,-76.54843161315375,3.4233768384220187,2026-08-19 22:42,COMUNA 19,Urbanización Nueva Granada,-76.54843161315375,3.4233768384220187,,,,,,,,,no,verde,survey_israel
,,,2026-08-19,23:17,חנן אלכסנדר,,Inspectores de Israel,sismo,,Cali,,,,,,,,,13.0,,,,,,,,,,,,1,porticos,,concreto_mc,,,,,,,,,,,,,,,,,,,,,,,,,,,,,,,,,,,,,no,no,no,no,no,si,leve,,moderado,,,completa,completa,,,,bajo,,bajo,,,,h,,,,,,,,,סדקים קלים בבלוקים,,,,Engineer_ISR_1,,,-76.54426592892898,3.422247786416694,2026-08-19 23:17,COMUNA 19,Urbanización Tequendama,-76.54426592892898,3.422247786416694,,,,,,,,,no,verde,survey_israel
,,,2026-08-20,01:51,חנן אלכסנדר,,Inspectores de Israel,sismo,,Cali,,,,,,,,,4.0,,,,,,,,,,,,1,porticos,,concreto_mc,,,,,,,,,,,,,,,,,,,,,,,,,,,,,,,,,,,,,no,no,no,no,no,si,leve,,moderado,,,completa,completa,,,,bajo,,bajo,,,,r1,,estructural,,,,תיקון הגג וקירות קומה עליונה,קומה עליונה וגג,,מבנה תקין פרט לקומה העליונה,,,,Engineer_ISR_1,,,-76.54932229724953,3.417639233706172,2026-08-20 01:51,COMUNA 19,El Lido,-76.54932229724953,3.417639233706172,,,,,,,,,no,amarillo,survey_israel
,,,2026-08-20,13:55,איתמר נצר,,Inspectores de Israel,sismo,,Cali,,,,,,,,,3.0,2.0,,,,,,,,,,,2,muros_carga,,concreto_mc,,,,,,,,,,,,,,,,,,,,,,,,,,,,,,,,,,,,,no,no,no,no,no,si,leve,,severo,,,completa,completa,,,,bajo,,bajo,,,,r1,,estructural,,,,הסדרת כל לבנות הבריקים שעלולות ליפול,,,,,,,Engineer_ISR_1,,,-76.53647659619745,3.4495600738749648,2026-08-20 13:55,COMUNA 03,La Merced,-76.53647659619745,3.4495600738749648,,,,,,,,,no,amarillo,survey_israel
,,,2026-08-20,14:09,גבי בן דוד,,Inspectores de Israel,sismo,,Cali,,,,,,,,,4.0,2.0,,,,,,,,,,,10,porticos,,concreto_mc,,,,,,,,,,,,,,,,,,,,,,,,,,,,,,,,,,,,,no,no,no,no,no,si,severo,,moderado,,,parcial,completa,,,,alto,,alto,,,,r2,,"estructural,otra",,,"נדרשת בדיקה חוזרת לכלל המבנה, כמעט בכל חיבור קורה מקרה נמצאו נזקים",לפרק אלמנטים בסכנת נפילה מהגג,,,"המרפאה נראת במצב טוב, אך היא נפרדת מהקונסטרוקציה (חלק מקומה גבוה). המבנה כולו דורש הערכה מחדש ",,,,Engineer_ISR_1,,,-76.54588769745686,3.4260006893952273,2026-08-20 14:09,COMUNA 19,San Fernando Nuevo,-76.54588769745686,3.4260006893952273,,,,,,,,,no,amarillo,survey_israel
,,,2026-08-20,15:20,איתמר נצר,,Inspectores de Israel,sismo,,Cali,,,,,,,,,2.0,,,,,,,,,,,,2,muros_carga,,mamp_simple,,,,,,,,,,,,,,,,,,,,,,,,,,,,,,,,,,,,,no,no,no,no,no,si,leve,,leve,,,completa,completa,,,,bajo,,bajo,,,,h,,,,,,,,,,,,,Engineer_ISR_1,,,-76.53553499828632,3.449608439413607,2026-08-20 15:20,COMUNA 03,La Merced,-76.53553499828632,3.449608439413607,,,,,,,,,no,verde,survey_israel
,,,2026-08-20,15:56,שי חביב,,Inspectores de Israel,sismo,,Cali,,,,,,,,,4.0,,,,,,,,,,,,8,otro,מבנה לא שלוד לצד בנייה מודרנית של קירות בטון ובלוקים.,mat_no_claro,,,,,,,,,,,,,,,,,,,,,,,,,,,,,,,,,,,,,no,no,no,no,no,si,leve,,severo,,,completa,completa,,,,bajo,,bajo,,,,r1,,estructural,,,,"תיקון הקיר בלוקים בגג שנסדק
הסרת בלוקים  בסכנת נפילה
וידוא שאין סכנת נפילה מקומית של הטיח באזור אולם הישיבה בתקרה הקלה",הצד האחורי של קיר הבמה הוגדר אדום עבור שתי הקומות התחתונות,,"הוסבר לצוות האחזקה בבניין איזה אזורים יש להתרחק מהם מיידית ואסןרים אלה סומנו על סקיצה.
חלק מעמוד הגדול שהולך לגג נשבר וחלק ממנו עומד ליפול, האזור מתחתיו פונה ל2 הקומות למטה.
2 אזורים נוספים סומנו והובהר לנוכחים לא להתקרב ולא לאפשר לאנשים לשהות בסביבה
זוהו סדקים לא מבניים ואין חשש ליציבות.",,,,Engineer_ISR_2,,,-76.53588300742402,3.4493228748477143,2026-08-20 15:56,COMUNA 03,La Merced,-76.53588300742402,3.4493228748477143,,,,,,,,,no,amarillo,survey_israel
,,,2026-08-20,17:09,איתמר נצר,,Inspectores de Israel,sismo,,Cali,,,,,,,,,6.0,1.0,,,,,,,,,,,1,muros_carga,,concreto_mc,,,,,,,,,,,,,,,,,,,,,,,,,,,,,,,,,,,,,no,no,no,no,no,si,leve,,severo,,,completa,completa,,,,bajo,,bajo,,,,r2,,estructural,,,,סגערת קירות וטיפול בסדקים בקירות,,,"חזית שלמה שעפו בה קירות, אסורה לכניסנ לפני טיפול.",,,,Engineer_ISR_1,,,-76.54831074393394,3.4089647900555633,2026-08-20 17:09,COMUNA 19,Cuarto de Legua - Guadalupe,-76.54831074393394,3.4089647900555633,,,,,,,,,no,amarillo,survey_israel
,,,2026-08-20,17:11,גבי בן דוד,,Inspectores de Israel,sismo,,Cali,,,,,,,,,3.0,,,,,,,,,,,,10,porticos,,concreto_mc,,,,,,,,,,,,,,,,,,,,,,,,,,,,,,,,,,,,,no,no,no,si,no,si,severo,,severo,,,parcial,completa,,,,alto,,alto,,,,r2,,estructural,,,,,,,"מבנה בשלב שיפוץ, יש לתמוך שנפרד מהבניין. ",,,,Engineer_ISR_1,,,-76.54378532887492,3.421201515074846,2026-08-20 17:11,COMUNA 19,Urbanización Tequendama,-76.54378532887492,3.421201515074846,,,,,,,,,no,amarillo,survey_israel
